id,first_name,last_name,email,gender,order_Quantity
1,Geno,Clee,gclee0@nyu.edu,Female,16
2,Dena,Bullman,dbullman1@netlog.com,Female,25
3,Halsey,Duggan,hduggan2@wikipedia.org,Male,45
4,Virgilio,O'Doohaine,vodoohaine3@indiatimes.com,Male,37
5,Talya,Kiraly,tkiraly4@bbb.org,Male,57
6,Maurizia,Forman,mforman5@bbc.co.uk,Male,100
7,Pyotr,Pyrah,ppyrah6@blogspot.com,Female,80
8,Gideon,Brantl,gbrantl7@ibm.com,Female,72
9,Fania,Beams,fbeams8@shinystat.com,Male,48
10,Jennee,Paradine,jparadine9@deliciousdays.com,Male,40
11,Nellie,Mateo,nmateoa@yandex.ru,Female,93
12,Charmane,Craxford,ccraxfordb@zimbio.com,Male,15
13,Jeni,Feely,jfeelyc@homestead.com,Female,44
14,Timothea,Holbarrow,tholbarrowd@skype.com,Male,51
15,Jimmy,Hilldrup,jhilldrupe@behance.net,Female,52
16,Carmen,Hayer,chayerf@dell.com,Male,22
17,Emiline,Handmore,ehandmoreg@skyrock.com,Male,40
18,Vinni,Serrurier,vserrurierh@ft.com,Genderqueer,33
19,Layla,Studdert,lstudderti@fema.gov,Male,63
20,Annecorinne,Calway,acalwayj@sbwire.com,Polygender,66
21,Aggie,Kimbury,akimburyk@jigsy.com,Male,27
22,Celestine,Copplestone,ccopplestonel@cnbc.com,Male,25
23,Inglis,Richemond,irichemondm@wisc.edu,Male,81
24,Kania,Hellmore,khellmoren@t-online.de,Male,45
25,Hans,Bridger,hbridgero@storify.com,Male,56
26,Tybi,Pigot,tpigotp@gizmodo.com,Male,72
27,Ignace,Couche,icoucheq@edublogs.org,Male,48
28,Mildred,Lewis,mlewisr@hibu.com,Female,91
29,Philbert,Symones,psymoness@freewebs.com,Female,24
30,Maria,Andreix,mandreixt@yandex.ru,Bigender,52
31,Brittni,Attwoull,battwoullu@elegantthemes.com,Agender,94
32,Barnaby,Catt,bcattv@lycos.com,Female,10
33,Hertha,Reeders,hreedersw@cmu.edu,Female,98
34,Benjie,Smallwood,bsmallwoodx@cornell.edu,Male,47
35,Adrien,Magowan,amagowany@yahoo.com,Male,15
36,Park,Stife,pstifez@symantec.com,Male,56
37,Edithe,Bramford,ebramford10@stumbleupon.com,Male,7
38,Tracey,Fedynski,tfedynski11@state.gov,Genderfluid,7
39,Corrina,Southern,csouthern12@reddit.com,Female,74
40,Chet,Barszczewski,cbarszczewski13@weather.com,Female,28
41,Dela,Matts,dmatts14@cnet.com,Female,85
42,Armstrong,Wyard,awyard15@paginegialle.it,Male,30
43,Boris,Jelly,bjelly16@facebook.com,Female,23
44,Nicola,Quaife,nquaife17@irs.gov,Female,63
45,Melonie,Hanscomb,mhanscomb18@rediff.com,Female,27
46,Roderick,Thorowgood,rthorowgood19@uol.com.br,Female,26
47,Rayshell,Boustred,rboustred1a@cisco.com,Female,1
48,Filmer,Lively,flively1b@unc.edu,Female,25
49,Tyne,Botha,tbotha1c@squarespace.com,Female,27
50,Lindie,Cunde,lcunde1d@goodreads.com,Female,28
51,Trixie,Mulvey,tmulvey1e@toplist.cz,Male,13
52,Laverna,Tour,ltour1f@jugem.jp,Agender,17
53,Irma,Hovel,ihovel1g@newyorker.com,Female,15
54,Charmain,Wolfenden,cwolfenden1h@yahoo.co.jp,Female,16
55,Geraldine,Towse,gtowse1i@cargocollective.com,Female,61
56,Boothe,Fozard,bfozard1j@shinystat.com,Male,2
57,Enriqueta,Biers,ebiers1k@samsung.com,Male,90
58,Robina,McAless,rmcaless1l@weather.com,Female,28
59,Terri,Sloey,tsloey1m@biglobe.ne.jp,Female,20
60,Farra,Aughtie,faughtie1n@msn.com,Polygender,60
61,Nani,Ludvigsen,nludvigsen1o@joomla.org,Male,6
62,Morey,Biggin,mbiggin1p@home.pl,Male,6
63,Chrisse,Trundle,ctrundle1q@marriott.com,Female,89
64,Dru,Digweed,ddigweed1r@marketwatch.com,Female,43
65,Lorilyn,Gallandre,lgallandre1s@google.com.hk,Male,71
66,Riccardo,Mariotte,rmariotte1t@guardian.co.uk,Female,88
67,Sonnie,Garza,sgarza1u@admin.ch,Female,36
68,Romy,Skittle,rskittle1v@psu.edu,Male,31
69,Isadore,Uff,iuff1w@geocities.com,Genderfluid,19
70,Harman,Echlin,hechlin1x@spiegel.de,Male,100
71,Daren,Pinke,dpinke1y@artisteer.com,Male,76
72,Caryl,Hick,chick1z@twitpic.com,Male,71
73,Oswell,Wales,owales20@tinyurl.com,Non-binary,68
74,Tiphani,Raittie,traittie21@japanpost.jp,Female,81
75,Avram,Roberds,aroberds22@privacy.gov.au,Female,29
76,Sheelah,Downham,sdownham23@discovery.com,Female,65
77,Dimitry,Tebbutt,dtebbutt24@yahoo.com,Female,1
78,Gardner,Lannon,glannon25@pagesperso-orange.fr,Female,14
79,Friederike,Issard,fissard26@jugem.jp,Genderfluid,44
80,Ted,Spinozzi,tspinozzi27@networkadvertising.org,Male,14
81,Rea,Sendley,rsendley28@nhs.uk,Female,67
82,Gilemette,O'Noland,gonoland29@google.de,Female,38
83,Jacques,Hewson,jhewson2a@shinystat.com,Female,95
84,Gwenneth,Sarney,gsarney2b@google.fr,Female,94
85,Ethelda,Basso,ebasso2c@wordpress.com,Female,73
86,Kellen,Andrea,kandrea2d@g.co,Female,21
87,William,Nelsey,wnelsey2e@intel.com,Male,81
88,Devon,Bockett,dbockett2f@ftc.gov,Female,73
89,Charis,Guidera,cguidera2g@photobucket.com,Female,17
90,Ephrayim,Schuler,eschuler2h@posterous.com,Male,16
91,Minor,Hurt,mhurt2i@sitemeter.com,Male,15
92,Mariann,Fain,mfain2j@tamu.edu,Male,28
93,Ettie,Ealden,eealden2k@hatena.ne.jp,Male,10
94,Nicoli,Squibbes,nsquibbes2l@cpanel.net,Male,17
95,Alair,Shakesby,ashakesby2m@tuttocitta.it,Female,60
96,Jennilee,Daye,jdaye2n@twitter.com,Genderfluid,25
97,Rory,Mazdon,rmazdon2o@loc.gov,Female,72
98,Amalita,Leglise,aleglise2p@wsj.com,Male,13
99,Edee,Dunmore,edunmore2q@usnews.com,Male,33
100,Dorothea,Juanico,djuanico2r@virginia.edu,Genderqueer,41
